{
  "aor": 0.002205916666666667,
  "aqi": 0.00467378125,
  "bids_meta": {
    "RepetitionTime": 1.0,
    "TaskName": "localizer",
    "acq_id": "sms3ip22mm1020GLM",
    "dataset": "ds002076",
    "modality": "bold",
    "subject_id": "19",
    "task_id": "localizer"
  },
  "dummy_trs": 0,
  "dvars_nstd": 28.1937516937326,
  "dvars_std": 1.1111076129805009,
  "dvars_vstd": 1.0119656701671302,
  "efc": 0.5541756874611765,
  "fber": 803.796142578125,
  "fd_mean": 0.09281638395760128,
  "fd_num": 7,
  "fd_perc": 1.9444444444444444,
  "fwhm_avg": 2.5088093804850633,
  "fwhm_x": 2.365242558318792,
  "fwhm_y": 2.7019755831363983,
  "fwhm_z": 2.45921,
  "gcor": 0.0187576,
  "gsr_x": -0.01792118139564991,
  "gsr_y": 0.058241669088602066,
  "provenance": {
    "md5sum": "99238a40e62889c022b54aee19463aae",
    "settings": {
      "fd_thres": 0.2,
      "testing": false
    },
    "software": "mriqc",
    "version": "23.1.0"
  },
  "size_t": 360,
  "size_x": 98,
  "size_y": 98,
  "size_z": 57,
  "snr": 2.3866528497921142,
  "spacing_tr": 1.0,
  "spacing_x": 1.9897959232330322,
  "spacing_y": 1.9897959232330322,
  "spacing_z": 2.0,
  "summary_bg_k": 24.40300843879562,
  "summary_bg_mad": 23.633093019314217,
  "summary_bg_mean": 57.452028159349084,
  "summary_bg_median": 24.73750114440918,
  "summary_bg_n": 392158.0,
  "summary_bg_p05": 7.902778148651123,
  "summary_bg_p95": 216.5305633544922,
  "summary_bg_stdv": 85.96541231378936,
  "summary_fg_k": 1.9584045429453294,
  "summary_fg_mad": 254.56693634962534,
  "summary_fg_mean": 742.3509677531972,
  "summary_fg_median": 701.3403015136719,
  "summary_fg_n": 155270.0,
  "summary_fg_p05": 339.477783203125,
  "summary_fg_p95": 1281.9971923828125,
  "summary_fg_stdv": 293.8584231540571,
  "tsnr": 44.87596179638058
}