{
  "aor": 0.0008242618384401115,
  "aqi": 0.004217531281337048,
  "bids_meta": {
    "RepetitionTime": 1.0,
    "TaskName": "localizer",
    "acq_id": "sms3ip22mm1020GLM",
    "dataset": "ds002076",
    "modality": "bold",
    "subject_id": "16",
    "task_id": "localizer"
  },
  "dummy_trs": 1,
  "dvars_nstd": 31.210663268072626,
  "dvars_std": 1.1064941265642463,
  "dvars_vstd": 0.9972836639106145,
  "efc": 0.5409211696649454,
  "fber": 1110.3389892578125,
  "fd_mean": 0.12195181536572444,
  "fd_num": 23,
  "fd_perc": 6.406685236768802,
  "fwhm_avg": 2.5089744061348633,
  "fwhm_x": 2.3962758915762388,
  "fwhm_y": 2.660177326828352,
  "fwhm_z": 2.47047,
  "gcor": 0.00920593,
  "gsr_x": -0.014755019918084145,
  "gsr_y": 0.07787588238716125,
  "provenance": {
    "md5sum": "35c6cc0641c639b6f203b54bc7bc17e9",
    "settings": {
      "fd_thres": 0.2,
      "testing": false
    },
    "software": "mriqc",
    "version": "23.1.0"
  },
  "size_t": 359,
  "size_x": 98,
  "size_y": 98,
  "size_z": 57,
  "snr": 2.2782116568489084,
  "spacing_tr": 1.0,
  "spacing_x": 1.9897959232330322,
  "spacing_y": 1.9897959232330322,
  "spacing_z": 2.0,
  "summary_bg_k": 19.59882174192795,
  "summary_bg_mad": 19.4885777859531,
  "summary_bg_mean": 56.250412546412534,
  "summary_bg_median": 21.002784729003906,
  "summary_bg_n": 398891.0,
  "summary_bg_p05": 7.498607158660889,
  "summary_bg_p95": 220.72145080566406,
  "summary_bg_stdv": 85.86735683675292,
  "summary_fg_k": 3.317389217747997,
  "summary_fg_mad": 255.20168447350886,
  "summary_fg_mean": 747.230519911057,
  "summary_fg_median": 699.8495483398438,
  "summary_fg_n": 148537.0,
  "summary_fg_p05": 348.19775390625,
  "summary_fg_p95": 1313.4178466796875,
  "summary_fg_stdv": 307.1914720579785,
  "tsnr": 44.77216710988432
}