{
  "aor": 6.749244712990938e-05,
  "aqi": 0.07146846344410876,
  "bids_meta": {
    "RepetitionTime": 2.006,
    "TaskName": "alpha-rem",
    "dataset": "ds002076",
    "modality": "bold",
    "run_id": 5,
    "subject_id": "16",
    "task_id": "layer"
  },
  "dummy_trs": 0,
  "dvars_nstd": 534.830649636091,
  "dvars_std": 0.769606198151515,
  "dvars_vstd": 0.7068993992121211,
  "efc": 0.7980371086962708,
  "fber": 45.79059600830078,
  "fd_mean": 0.24166078966790644,
  "fd_num": 242,
  "fd_perc": 73.1117824773414,
  "fwhm_avg": 3.0544181114323763,
  "fwhm_x": 2.972991649617151,
  "fwhm_y": 3.334953655658044,
  "fwhm_z": 2.8553090290219343,
  "gcor": 0.92073,
  "gsr_x": -0.0034327444154769182,
  "gsr_y": 0.05324333533644676,
  "provenance": {
    "md5sum": "ff2b896925bab2568f3c25472e658e43",
    "settings": {
      "fd_thres": 0.2,
      "testing": false
    },
    "software": "mriqc",
    "version": "23.1.0"
  },
  "size_t": 331,
  "size_x": 162,
  "size_y": 162,
  "size_z": 22,
  "snr": 2.896189968460363,
  "spacing_tr": 2.00600004196167,
  "spacing_x": 0.9259259104728699,
  "spacing_y": 0.9259259104728699,
  "spacing_z": 1.100000023841858,
  "summary_bg_k": 11.430323711759756,
  "summary_bg_mad": 31.313815659743238,
  "summary_bg_mean": 58.321833234438614,
  "summary_bg_median": 39.65559005737305,
  "summary_bg_n": 245807.0,
  "summary_bg_p05": 14.166163444519043,
  "summary_bg_p95": 164.99395751953125,
  "summary_bg_stdv": 57.3055945015833,
  "summary_fg_k": 1.341517894783994,
  "summary_fg_mad": 82.83759374240056,
  "summary_fg_mean": 281.66406479310007,
  "summary_fg_median": 268.34442138671875,
  "summary_fg_n": 331561.0,
  "summary_fg_p05": 157.0,
  "summary_fg_p95": 455.0090637207031,
  "summary_fg_stdv": 92.65414894756167,
  "tsnr": 4.666831810027361
}