{
  "aor": 6.060422960725076e-05,
  "aqi": 0.07712869697885197,
  "bids_meta": {
    "RepetitionTime": 2.006,
    "TaskName": "alpha-rem",
    "dataset": "ds002076",
    "modality": "bold",
    "run_id": 1,
    "subject_id": "16",
    "task_id": "layer"
  },
  "dummy_trs": 0,
  "dvars_nstd": 541.9073421595449,
  "dvars_std": 0.7749886935151516,
  "dvars_vstd": 0.7109982081818176,
  "efc": 0.807679200790768,
  "fber": 40.633056640625,
  "fd_mean": 0.2560986066469546,
  "fd_num": 269,
  "fd_perc": 81.26888217522658,
  "fwhm_avg": 3.0900520143119663,
  "fwhm_x": 3.0022920501061545,
  "fwhm_y": 3.354264055980321,
  "fwhm_z": 2.913599936849422,
  "gcor": 0.91031,
  "gsr_x": -0.01339318323880434,
  "gsr_y": 0.05577496066689491,
  "provenance": {
    "md5sum": "3b483701ad19780925e71dd94a309583",
    "settings": {
      "fd_thres": 0.2,
      "testing": false
    },
    "software": "mriqc",
    "version": "23.1.0"
  },
  "size_t": 331,
  "size_x": 162,
  "size_y": 162,
  "size_z": 22,
  "snr": 2.882249518961546,
  "spacing_tr": 2.00600004196167,
  "spacing_x": 0.9259259104728699,
  "spacing_y": 0.9259259104728699,
  "spacing_z": 1.100000023841858,
  "summary_bg_k": 10.708525759834025,
  "summary_bg_mad": 34.319328118342916,
  "summary_bg_mean": 60.887911028523085,
  "summary_bg_median": 42.5891227722168,
  "summary_bg_n": 234512.0,
  "summary_bg_p05": 14.586102485656738,
  "summary_bg_p95": 170.43202209472656,
  "summary_bg_stdv": 58.20723409840874,
  "summary_fg_k": 1.466869148770595,
  "summary_fg_mad": 83.85661129504896,
  "summary_fg_mean": 284.9311781768567,
  "summary_fg_median": 271.4803771972656,
  "summary_fg_n": 342856.0,
  "summary_fg_p05": 158.35951232910156,
  "summary_fg_p95": 461.3051452636719,
  "summary_fg_stdv": 94.19031194238386,
  "tsnr": 4.619648949505063
}