{
  "aor": 3.8851963746223564e-05,
  "aqi": 0.07050316253776437,
  "bids_meta": {
    "RepetitionTime": 2.006,
    "TaskName": "alpha-rem",
    "dataset": "ds002076",
    "modality": "bold",
    "run_id": 3,
    "subject_id": "16",
    "task_id": "layer"
  },
  "dummy_trs": 0,
  "dvars_nstd": 532.8401849919697,
  "dvars_std": 0.7669873784242426,
  "dvars_vstd": 0.7029367734545455,
  "efc": 0.7979305911307827,
  "fber": 46.512107849121094,
  "fd_mean": 0.26005608016484255,
  "fd_num": 295,
  "fd_perc": 89.12386706948641,
  "fwhm_avg": 3.0406865840176702,
  "fwhm_x": 2.9599128493988753,
  "fwhm_y": 3.313656055302602,
  "fwhm_z": 2.848490847351533,
  "gcor": 0.931153,
  "gsr_x": -0.0076753366738557816,
  "gsr_y": 0.056714873760938644,
  "provenance": {
    "md5sum": "2de676c94a50debf43810d34550e0737",
    "settings": {
      "fd_thres": 0.2,
      "testing": false
    },
    "software": "mriqc",
    "version": "23.1.0"
  },
  "size_t": 331,
  "size_x": 162,
  "size_y": 162,
  "size_z": 22,
  "snr": 2.8984749536130856,
  "spacing_tr": 2.00600004196167,
  "spacing_x": 0.9259259104728699,
  "spacing_y": 0.9259259104728699,
  "spacing_z": 1.100000023841858,
  "summary_bg_k": 11.425893729515986,
  "summary_bg_mad": 31.134649416456956,
  "summary_bg_mean": 57.39489536949001,
  "summary_bg_median": 39.287010192871094,
  "summary_bg_n": 244749.0,
  "summary_bg_p05": 14.138973236083984,
  "summary_bg_p95": 161.51661682128906,
  "summary_bg_stdv": 55.94461146203671,
  "summary_fg_k": 1.4251519354920337,
  "summary_fg_mad": 81.63718726476469,
  "summary_fg_mean": 281.3907395146479,
  "summary_fg_median": 267.9365539550781,
  "summary_fg_n": 332619.0,
  "summary_fg_p05": 157.54380798339844,
  "summary_fg_p95": 454.6404724121094,
  "summary_fg_stdv": 92.44038864397213,
  "tsnr": 4.702845180872828
}