{
  "aor": 6.000000000000001e-05,
  "aqi": 0.0868872413897281,
  "bids_meta": {
    "RepetitionTime": 2.006,
    "TaskName": "go-nogo",
    "dataset": "ds002076",
    "modality": "bold",
    "run_id": 4,
    "subject_id": "19",
    "task_id": "layer"
  },
  "dummy_trs": 0,
  "dvars_nstd": 547.8605122883031,
  "dvars_std": 0.7568641244545458,
  "dvars_vstd": 0.70485566090909,
  "efc": 0.7735209211950884,
  "fber": 72.96830749511719,
  "fd_mean": 0.21310240059095573,
  "fd_num": 108,
  "fd_perc": 32.62839879154078,
  "fwhm_avg": 2.886334973161459,
  "fwhm_x": 2.786583646506132,
  "fwhm_y": 3.324294055480143,
  "fwhm_z": 2.5481272174981027,
  "gcor": 0.926237,
  "gsr_x": -0.053685352206230164,
  "gsr_y": 0.10950817912817001,
  "provenance": {
    "md5sum": "8123e7eb7debb8f3cbe862c62aa9bfd3",
    "settings": {
      "fd_thres": 0.2,
      "testing": false
    },
    "software": "mriqc",
    "version": "23.1.0"
  },
  "size_t": 331,
  "size_x": 162,
  "size_y": 162,
  "size_z": 22,
  "snr": 3.325329130938065,
  "spacing_tr": 2.00600004196167,
  "spacing_x": 0.9259259104728699,
  "spacing_y": 0.9259259104728699,
  "spacing_z": 1.100000023841858,
  "summary_bg_k": 16.004052198324402,
  "summary_bg_mad": 22.521220534935818,
  "summary_bg_mean": 52.11163350062651,
  "summary_bg_median": 33.40181350708008,
  "summary_bg_n": 276284.0,
  "summary_bg_p05": 15.76737117767334,
  "summary_bg_p95": 148.7462158203125,
  "summary_bg_stdv": 51.71492180790796,
  "summary_fg_k": 0.9781472148736277,
  "summary_fg_mad": 81.07727508049933,
  "summary_fg_mean": 294.9318283100718,
  "summary_fg_median": 285.3232727050781,
  "summary_fg_n": 301084.0,
  "summary_fg_p05": 176.6193389892578,
  "summary_fg_p95": 450.7794494628906,
  "summary_fg_stdv": 85.80287473604214,
  "tsnr": 4.431398294866085
}