{
  "aor": 3.7099697885196374e-05,
  "aqi": 0.08606969818731118,
  "bids_meta": {
    "RepetitionTime": 2.006,
    "TaskName": "alpha-rem",
    "dataset": "ds002076",
    "modality": "bold",
    "run_id": 4,
    "subject_id": "20",
    "task_id": "layer"
  },
  "dummy_trs": 0,
  "dvars_nstd": 638.4172050706364,
  "dvars_std": 0.766930882727273,
  "dvars_vstd": 0.7006861870606057,
  "efc": 0.8474312752841882,
  "fber": 17.359071731567383,
  "fd_mean": 0.2357756923975765,
  "fd_num": 275,
  "fd_perc": 83.08157099697885,
  "fwhm_avg": 3.1372503553455195,
  "fwhm_x": 3.0498444508997706,
  "fwhm_y": 3.5149248586616375,
  "fwhm_z": 2.84698175647515,
  "gcor": 0.938806,
  "gsr_x": 0.13325686752796173,
  "gsr_y": -0.09798780828714371,
  "provenance": {
    "md5sum": "6b364204d0ecda99ab3dca72694a8139",
    "settings": {
      "fd_thres": 0.2,
      "testing": false
    },
    "software": "mriqc",
    "version": "23.1.0"
  },
  "size_t": 331,
  "size_x": 162,
  "size_y": 162,
  "size_z": 22,
  "snr": 2.8023541317213847,
  "spacing_tr": 2.00600004196167,
  "spacing_x": 0.9259259104728699,
  "spacing_y": 0.9259259104728699,
  "spacing_z": 1.100000023841858,
  "summary_bg_k": 6.1239637935880005,
  "summary_bg_mad": 45.824055856391546,
  "summary_bg_mean": 102.42492330786028,
  "summary_bg_median": 58.67220687866211,
  "summary_bg_n": 221462.0,
  "summary_bg_p05": 19.821752548217773,
  "summary_bg_p95": 332.6585998535156,
  "summary_bg_stdv": 105.20581174146943,
  "summary_fg_k": 1.3337962759513857,
  "summary_fg_mad": 78.7973805343144,
  "summary_fg_mean": 257.66927288609855,
  "summary_fg_median": 244.4531707763672,
  "summary_fg_n": 355906.0,
  "summary_fg_p05": 137.53172302246094,
  "summary_fg_p95": 416.1903381347656,
  "summary_fg_stdv": 87.23124054352941,
  "tsnr": 4.0096966593991965
}