{
  "aor": 0.004859052924791086,
  "aqi": 0.004877990027855153,
  "bids_meta": {
    "RepetitionTime": 1.0,
    "TaskName": "localizer",
    "acq_id": "sms3ip22mm1020GLM",
    "dataset": "ds002076",
    "modality": "bold",
    "subject_id": "20",
    "task_id": "localizer"
  },
  "dummy_trs": 1,
  "dvars_nstd": 33.79672716472068,
  "dvars_std": 1.1664355437709504,
  "dvars_vstd": 1.0457314965363127,
  "efc": 0.5843733762309932,
  "fber": 359.81658935546875,
  "fd_mean": 0.0770290647216713,
  "fd_num": 4,
  "fd_perc": 1.1142061281337048,
  "fwhm_avg": 2.5247245344206095,
  "fwhm_x": 2.1742883023754795,
  "fwhm_y": 2.783260300886349,
  "fwhm_z": 2.616625,
  "gcor": 0.0207915,
  "gsr_x": -0.02467215247452259,
  "gsr_y": 0.08079063892364502,
  "provenance": {
    "md5sum": "0bcd55932ce7db5cc1393394f4a7fadd",
    "settings": {
      "fd_thres": 0.2,
      "testing": false
    },
    "software": "mriqc",
    "version": "23.1.0"
  },
  "size_t": 359,
  "size_x": 98,
  "size_y": 98,
  "size_z": 57,
  "snr": 1.9953143341450381,
  "spacing_tr": 1.0,
  "spacing_x": 1.9897959232330322,
  "spacing_y": 1.9897959232330322,
  "spacing_z": 2.0,
  "summary_bg_k": 17.659661679956788,
  "summary_bg_mad": 37.717563831338104,
  "summary_bg_mean": 81.20904269129764,
  "summary_bg_median": 35.30083465576172,
  "summary_bg_n": 380243.0,
  "summary_bg_p05": 7.534818649291992,
  "summary_bg_p95": 312.8663024902344,
  "summary_bg_stdv": 121.59820452429047,
  "summary_fg_k": 2.3910573408567224,
  "summary_fg_mad": 277.98171734602306,
  "summary_fg_mean": 718.4961716207719,
  "summary_fg_median": 669.6156005859375,
  "summary_fg_n": 167185.0,
  "summary_fg_p05": 262.2339782714844,
  "summary_fg_p95": 1338.2952880859375,
  "summary_fg_stdv": 335.5930374003975,
  "tsnr": 39.63655533478595
}