{
  "aor": 0.001306,
  "aqi": 0.008828062777777777,
  "bids_meta": {
    "RepetitionTime": 1.0,
    "TaskName": "localizer",
    "acq_id": "sms3ip22mm1020GLM",
    "dataset": "ds002076",
    "modality": "bold",
    "subject_id": "17",
    "task_id": "localizer"
  },
  "dummy_trs": 0,
  "dvars_nstd": 31.90034646874653,
  "dvars_std": 1.0429336424233986,
  "dvars_vstd": 0.9741627450139269,
  "efc": 0.5622011003482656,
  "fber": 611.3444213867188,
  "fd_mean": 0.1050182098402093,
  "fd_num": 29,
  "fd_perc": 8.055555555555555,
  "fwhm_avg": 2.535130577024948,
  "fwhm_x": 2.3463561993906166,
  "fwhm_y": 2.771545531684226,
  "fwhm_z": 2.48749,
  "gcor": 0.013828,
  "gsr_x": -0.01826762594282627,
  "gsr_y": 0.05980394035577774,
  "provenance": {
    "md5sum": "6106d9953e6e25c0e22a1dbb282f2409",
    "settings": {
      "fd_thres": 0.2,
      "testing": false
    },
    "software": "mriqc",
    "version": "23.1.0"
  },
  "size_t": 360,
  "size_x": 98,
  "size_y": 98,
  "size_z": 57,
  "snr": 2.5040492089842603,
  "spacing_tr": 1.0,
  "spacing_x": 1.9897959232330322,
  "spacing_y": 1.9897959232330322,
  "spacing_z": 2.0,
  "summary_bg_k": 18.571826860724457,
  "summary_bg_mad": 24.584429065810067,
  "summary_bg_mean": 59.01239785039438,
  "summary_bg_median": 25.09027862548828,
  "summary_bg_n": 399436.0,
  "summary_bg_p05": 7.719444751739502,
  "summary_bg_p95": 229.5638885498047,
  "summary_bg_stdv": 88.40322540297156,
  "summary_fg_k": 0.9570091347468348,
  "summary_fg_mad": 224.73363879081293,
  "summary_fg_mean": 644.5744127553118,
  "summary_fg_median": 620.3666687011719,
  "summary_fg_n": 147992.0,
  "summary_fg_p05": 285.5444641113281,
  "summary_fg_p95": 1098.7166748046875,
  "summary_fg_stdv": 247.74456129903314,
  "tsnr": 33.910613984335214
}