{
  "aor": 4.395770392749244e-05,
  "aqi": 0.08653424803625377,
  "bids_meta": {
    "RepetitionTime": 2.006,
    "TaskName": "alpha-rem",
    "dataset": "ds002076",
    "modality": "bold",
    "run_id": 2,
    "subject_id": "20",
    "task_id": "layer"
  },
  "dummy_trs": 0,
  "dvars_nstd": 629.3164236356669,
  "dvars_std": 0.7653383032121208,
  "dvars_vstd": 0.7013907464848489,
  "efc": 0.8433190869237758,
  "fber": 18.791851043701172,
  "fd_mean": 0.24736709822124603,
  "fd_num": 298,
  "fd_perc": 90.03021148036254,
  "fwhm_avg": 3.1114491307393366,
  "fwhm_x": 3.042619250779187,
  "fwhm_y": 3.4499736575776474,
  "fwhm_z": 2.841754483861176,
  "gcor": 0.937837,
  "gsr_x": 0.1245066374540329,
  "gsr_y": -0.08300784230232239,
  "provenance": {
    "md5sum": "5f82c1f9014e4db189546ae0c91b7075",
    "settings": {
      "fd_thres": 0.2,
      "testing": false
    },
    "software": "mriqc",
    "version": "23.1.0"
  },
  "size_t": 331,
  "size_x": 162,
  "size_y": 162,
  "size_z": 22,
  "snr": 2.8494180793087343,
  "spacing_tr": 2.00600004196167,
  "spacing_x": 0.9259259104728699,
  "spacing_y": 0.9259259104728699,
  "spacing_z": 1.100000023841858,
  "summary_bg_k": 6.038012447079536,
  "summary_bg_mad": 44.00775163174243,
  "summary_bg_mean": 97.42888256623347,
  "summary_bg_median": 56.45317077636719,
  "summary_bg_n": 226720.0,
  "summary_bg_p05": 19.178247451782227,
  "summary_bg_p95": 320.2764434814453,
  "summary_bg_stdv": 100.77829647100562,
  "summary_fg_k": 1.2233599993810156,
  "summary_fg_mad": 78.76156877723594,
  "summary_fg_mean": 257.279871173622,
  "summary_fg_median": 244.72206115722656,
  "summary_fg_n": 350648.0,
  "summary_fg_p05": 138.29002380371094,
  "summary_fg_p95": 411.5558776855469,
  "summary_fg_stdv": 85.88480362961381,
  "tsnr": 4.038333003001753
}