{
  "aor": 4.785498489425983e-05,
  "aqi": 0.07963234803625377,
  "bids_meta": {
    "RepetitionTime": 2.006,
    "TaskName": "go-nogo",
    "dataset": "ds002076",
    "modality": "bold",
    "run_id": 5,
    "subject_id": "22",
    "task_id": "layer"
  },
  "dummy_trs": 0,
  "dvars_nstd": 587.1935839106369,
  "dvars_std": 0.7572328434545451,
  "dvars_vstd": 0.7035737733333336,
  "efc": 0.810858403781073,
  "fber": 36.95798873901367,
  "fd_mean": 0.24146835332904623,
  "fd_num": 226,
  "fd_perc": 68.27794561933534,
  "fwhm_avg": 2.7590432320003555,
  "fwhm_x": 2.74364284578948,
  "fwhm_y": 3.0719414490186914,
  "fwhm_z": 2.461545401192895,
  "gcor": 0.930892,
  "gsr_x": -0.015115108340978622,
  "gsr_y": 0.06383726000785828,
  "provenance": {
    "md5sum": "df54c3fa866cfaf8e7546e6d17809145",
    "settings": {
      "fd_thres": 0.2,
      "testing": false
    },
    "software": "mriqc",
    "version": "23.1.0"
  },
  "size_t": 331,
  "size_x": 162,
  "size_y": 162,
  "size_z": 22,
  "snr": 3.1158353560613037,
  "spacing_tr": 2.00600004196167,
  "spacing_x": 0.9259259104728699,
  "spacing_y": 0.9259258508682251,
  "spacing_z": 1.100000023841858,
  "summary_bg_k": 14.517856348482727,
  "summary_bg_mad": 31.251105495105516,
  "summary_bg_mean": 67.73494300897427,
  "summary_bg_median": 45.40785598754883,
  "summary_bg_n": 248185.0,
  "summary_bg_p05": 18.504531860351562,
  "summary_bg_p95": 194.5226593017578,
  "summary_bg_stdv": 66.10221306186068,
  "summary_fg_k": 1.1040479579906668,
  "summary_fg_mad": 80.56217849368974,
  "summary_fg_mean": 287.50071024241345,
  "summary_fg_median": 276.04833984375,
  "summary_fg_n": 329183.0,
  "summary_fg_p05": 161.75830078125,
  "summary_fg_p95": 445.0120849609375,
  "summary_fg_stdv": 88.59515635616012,
  "tsnr": 4.1020654245076
}