{
  "aor": 0.00041057401812688826,
  "aqi": 0.16489684712990937,
  "bids_meta": {
    "RepetitionTime": 2.006,
    "TaskName": "go-nogo",
    "dataset": "ds002076",
    "modality": "bold",
    "run_id": 4,
    "subject_id": "04",
    "task_id": "layer"
  },
  "dummy_trs": 0,
  "dvars_nstd": 686.0227100718784,
  "dvars_std": 0.7883799722424238,
  "dvars_vstd": 0.733992120363637,
  "efc": 0.8184437719871552,
  "fber": 18.812536239624023,
  "fd_mean": 0.2955781105264593,
  "fd_num": 276,
  "fd_perc": 83.38368580060423,
  "fwhm_avg": 2.530380376747187,
  "fwhm_x": 2.478902441371148,
  "fwhm_y": 2.8351296473163305,
  "fwhm_z": 2.277109041554082,
  "gcor": 0.854437,
  "gsr_x": 0.031072093173861504,
  "gsr_y": 0.05206651985645294,
  "provenance": {
    "md5sum": "79ac1d892f6baf914f64bbe28ae3b833",
    "settings": {
      "fd_thres": 0.2,
      "testing": false
    },
    "software": "mriqc",
    "version": "23.1.0"
  },
  "size_t": 331,
  "size_x": 162,
  "size_y": 162,
  "size_z": 22,
  "snr": 3.1451042843455226,
  "spacing_tr": 2.00600004196167,
  "spacing_x": 0.9259259104728699,
  "spacing_y": 0.9259259104728699,
  "spacing_z": 1.100000023841858,
  "summary_bg_k": 6.20768035664884,
  "summary_bg_mad": 27.092202215312373,
  "summary_bg_mean": 66.45181130376076,
  "summary_bg_median": 46.475830078125,
  "summary_bg_n": 293112.0,
  "summary_bg_p05": 22.45921516418457,
  "summary_bg_p95": 198.50453186035156,
  "summary_bg_stdv": 56.901514131084596,
  "summary_fg_k": 1.4184944711063334,
  "summary_fg_mad": 50.11062476987582,
  "summary_fg_mean": 209.4203533626389,
  "summary_fg_median": 201.58157348632812,
  "summary_fg_n": 284256.0,
  "summary_fg_p05": 108.34441375732422,
  "summary_fg_p95": 326.2688903808594,
  "summary_fg_stdv": 64.09365181048263,
  "tsnr": 3.712529484357219
}