{
  "bids_meta": {
    "MagneticFieldStrength": 7,
    "Manufacturer": "Siemens",
    "dataset": "ds002076",
    "modality": "T1w",
    "subject_id": "17"
  },
  "cjv": 0.44107478179799275,
  "cnr": 2.397545328500542,
  "efc": 0.7640139414271013,
  "fber": NaN,
  "fwhm_avg": 4.087590072292376,
  "fwhm_x": 4.079213313154043,
  "fwhm_y": 4.4451139829149255,
  "fwhm_z": 3.7384429208081604,
  "icvs_csf": 0.3260791345059559,
  "icvs_gm": 0.3479722968518033,
  "icvs_wm": 0.3259485686422408,
  "inu_med": 0.929916501045227,
  "inu_range": 0.06987519264221198,
  "provenance": {
    "md5sum": "6633680913dc9bd858f4ec86aaf30b0b",
    "settings": {
      "testing": false
    },
    "software": "mriqc",
    "version": "23.1.0",
    "warnings": {
      "large_rot_frame": true,
      "small_air_mask": false
    }
  },
  "qi_1": 0.0,
  "qi_2": 0.0,
  "rpve_csf": 5.934651590490172,
  "rpve_gm": 5.8996560970524845,
  "rpve_wm": 5.9979620100933415,
  "size_x": 224,
  "size_y": 320,
  "size_z": 320,
  "snr_csf": 0.0,
  "snr_gm": 1.659862954979217,
  "snr_total": 3.0529054584345814,
  "snr_wm": 7.498853420324528,
  "snrd_csf": -1.0,
  "snrd_gm": -1.0,
  "snrd_total": -1.0,
  "snrd_wm": -1.0,
  "spacing_x": 0.7000001668930054,
  "spacing_y": 0.7000000476837158,
  "spacing_z": 0.699999988079071,
  "summary_bg_k": -3.0,
  "summary_bg_mad": 0.0,
  "summary_bg_mean": 0.0,
  "summary_bg_median": 0.0,
  "summary_bg_n": 7682064.0,
  "summary_bg_p05": 0.0,
  "summary_bg_p95": 0.0,
  "summary_bg_stdv": 0.0,
  "summary_csf_k": 2.8101140219113088,
  "summary_csf_mad": 0.0,
  "summary_csf_mean": 61.91929663854507,
  "summary_csf_median": 0.0,
  "summary_csf_n": 1239808.306522925,
  "summary_csf_p05": 0.0,
  "summary_csf_p95": 248.80462173372507,
  "summary_csf_stdv": 89.47578646407844,
  "summary_gm_k": -0.3535308612397703,
  "summary_gm_mad": 168.8492778228858,
  "summary_gm_mean": 376.57842315122684,
  "summary_gm_median": 367.3697526231408,
  "summary_gm_n": 1323049.8318464067,
  "summary_gm_p05": 0.0,
  "summary_gm_p95": 744.7579276189208,
  "summary_gm_stdv": 221.3252682618482,
  "summary_wm_k": -0.013511346916604605,
  "summary_wm_mad": 103.26750633842433,
  "summary_wm_mean": 975.0840716897395,
  "summary_wm_median": 984.3099981117994,
  "summary_wm_n": 1239311.8729114104,
  "summary_wm_p05": 728.7367315106094,
  "summary_wm_p95": 1195.2143484316766,
  "summary_wm_stdv": 131.26134701130758,
  "tpm_overlap_csf": 0.1364788098257241,
  "tpm_overlap_gm": 0.41599654833611466,
  "tpm_overlap_wm": 0.49066883923357296,
  "wm2max": 0.779276326570745
}