{
  "aor": 0.0013307250755287007,
  "aqi": 0.16980334652567974,
  "bids_meta": {
    "RepetitionTime": 2.006,
    "TaskName": "alpha-rem",
    "dataset": "ds002076",
    "modality": "bold",
    "run_id": 4,
    "subject_id": "18",
    "task_id": "layer"
  },
  "dummy_trs": 0,
  "dvars_nstd": 699.7497908160602,
  "dvars_std": 0.8368111783939393,
  "dvars_vstd": 0.7893078434545463,
  "efc": 0.7635802989704851,
  "fber": 41.66928482055664,
  "fd_mean": 3.9205639246548456,
  "fd_num": 330,
  "fd_perc": 99.69788519637463,
  "fwhm_avg": 3.8191274902857377,
  "fwhm_x": 3.6812664614377626,
  "fwhm_y": 4.638816077418596,
  "fwhm_z": 3.137299932000855,
  "gcor": 0.727607,
  "gsr_x": -0.03821851313114166,
  "gsr_y": 0.10895372182130814,
  "provenance": {
    "md5sum": "bf73da1c3b267cffdf0121ba43f0ab5c",
    "settings": {
      "fd_thres": 0.2,
      "testing": false
    },
    "software": "mriqc",
    "version": "23.1.0"
  },
  "size_t": 331,
  "size_x": 162,
  "size_y": 162,
  "size_z": 22,
  "snr": 2.699591823324553,
  "spacing_tr": 2.00600004196167,
  "spacing_x": 0.9259259104728699,
  "spacing_y": 0.9259259104728699,
  "spacing_z": 1.100000023841858,
  "summary_bg_k": 8.367663741600763,
  "summary_bg_mad": 24.142675319460597,
  "summary_bg_mean": 52.85733849631963,
  "summary_bg_median": 35.114803314208984,
  "summary_bg_n": 305332.0,
  "summary_bg_p05": 15.764350891113281,
  "summary_bg_p95": 154.09063720703125,
  "summary_bg_stdv": 49.17026978601072,
  "summary_fg_k": -0.12242595269282175,
  "summary_fg_mad": 86.441086758117,
  "summary_fg_mean": 240.78011143416313,
  "summary_fg_median": 226.67221069335938,
  "summary_fg_n": 272036.0,
  "summary_fg_p05": 123.9879150390625,
  "summary_fg_p95": 392.3172302246094,
  "summary_fg_stdv": 83.96520989314338,
  "tsnr": 3.53336507990025
}