{
  "aor": 0.00030628398791540787,
  "aqi": 0.0903026670694864,
  "bids_meta": {
    "RepetitionTime": 2.006,
    "TaskName": "go-nogo",
    "dataset": "ds002076",
    "modality": "bold",
    "run_id": 5,
    "subject_id": "18",
    "task_id": "layer"
  },
  "dummy_trs": 0,
  "dvars_nstd": 613.5984637636359,
  "dvars_std": 0.7774765006060604,
  "dvars_vstd": 0.7299050259090902,
  "efc": 0.7455296162845166,
  "fber": 58.53033447265625,
  "fd_mean": 0.3828573874953979,
  "fd_num": 314,
  "fd_perc": 94.86404833836858,
  "fwhm_avg": 3.2509972554538833,
  "fwhm_x": 3.1705020529134615,
  "fwhm_y": 3.8324988639617255,
  "fwhm_z": 2.7499908494864624,
  "gcor": 0.877084,
  "gsr_x": -0.02991802804172039,
  "gsr_y": 0.11040623486042023,
  "provenance": {
    "md5sum": "ee1a4373906140edfa45817daf938578",
    "settings": {
      "fd_thres": 0.2,
      "testing": false
    },
    "software": "mriqc",
    "version": "23.1.0"
  },
  "size_t": 331,
  "size_x": 162,
  "size_y": 162,
  "size_z": 22,
  "snr": 2.641828133451538,
  "spacing_tr": 2.00600004196167,
  "spacing_x": 0.9259259104728699,
  "spacing_y": 0.9259259104728699,
  "spacing_z": 1.100000023841858,
  "summary_bg_k": 9.448248292157722,
  "summary_bg_mad": 17.60758108130682,
  "summary_bg_mean": 49.543316724948895,
  "summary_bg_median": 29.797582626342773,
  "summary_bg_n": 315427.0,
  "summary_bg_p05": 15.625377655029297,
  "summary_bg_p95": 157.77340698242188,
  "summary_bg_stdv": 50.567985831247206,
  "summary_fg_k": 0.12912817049814418,
  "summary_fg_mad": 86.89124484290907,
  "summary_fg_mean": 241.67783742726095,
  "summary_fg_median": 227.96676635742188,
  "summary_fg_n": 261941.0,
  "summary_fg_p05": 122.03021240234375,
  "summary_fg_p95": 396.120849609375,
  "summary_fg_stdv": 86.2911286019568,
  "tsnr": 3.8891603607917204
}