{
  "aor": 9.555891238670697e-05,
  "aqi": 0.07693480060422961,
  "bids_meta": {
    "RepetitionTime": 2.006,
    "TaskName": "go-nogo",
    "dataset": "ds002076",
    "modality": "bold",
    "run_id": 1,
    "subject_id": "18",
    "task_id": "layer"
  },
  "dummy_trs": 0,
  "dvars_nstd": 628.3162013199999,
  "dvars_std": 0.7743212146666667,
  "dvars_vstd": 0.7149220060606054,
  "efc": 0.7695747336063575,
  "fber": 44.049007415771484,
  "fd_mean": 0.35534857447294427,
  "fd_num": 304,
  "fd_perc": 91.8429003021148,
  "fwhm_avg": 3.2119223102124805,
  "fwhm_x": 3.3161508553442385,
  "fwhm_y": 3.6372888607038067,
  "fwhm_z": 2.682327214589396,
  "gcor": 0.90492,
  "gsr_x": -0.05663498863577843,
  "gsr_y": 0.12203959375619888,
  "provenance": {
    "md5sum": "7e74cf2cb8d1ccbbdaa1823dc84889f6",
    "settings": {
      "fd_thres": 0.2,
      "testing": false
    },
    "software": "mriqc",
    "version": "23.1.0"
  },
  "size_t": 331,
  "size_x": 162,
  "size_y": 162,
  "size_z": 22,
  "snr": 2.5449326465606705,
  "spacing_tr": 2.00600004196167,
  "spacing_x": 0.9259259104728699,
  "spacing_y": 0.9259259104728699,
  "spacing_z": 1.100000023841858,
  "summary_bg_k": 8.788826743728979,
  "summary_bg_mad": 24.917568331930006,
  "summary_bg_mean": 57.83063543507216,
  "summary_bg_median": 36.08156967163086,
  "summary_bg_n": 288176.0,
  "summary_bg_p05": 16.8308162689209,
  "summary_bg_p95": 181.80361938476562,
  "summary_bg_stdv": 57.76531595699743,
  "summary_fg_k": 0.20539651614295762,
  "summary_fg_mad": 96.64686064625974,
  "summary_fg_mean": 255.34441635972016,
  "summary_fg_median": 239.47129821777344,
  "summary_fg_n": 289192.0,
  "summary_fg_p05": 129.16616821289062,
  "summary_fg_p95": 422.782470703125,
  "summary_fg_stdv": 94.09714025473735,
  "tsnr": 3.952697543427348
}