{
  "aor": 7.776435045317222e-05,
  "aqi": 0.10397262900302116,
  "bids_meta": {
    "RepetitionTime": 2.006,
    "TaskName": "go-nogo",
    "dataset": "ds002076",
    "modality": "bold",
    "run_id": 5,
    "subject_id": "02",
    "task_id": "layer"
  },
  "dummy_trs": 0,
  "dvars_nstd": 570.2157137784851,
  "dvars_std": 0.7894034893333336,
  "dvars_vstd": 0.7255166933333331,
  "efc": 0.7975410439449457,
  "fber": 38.16696548461914,
  "fd_mean": 0.395681368159157,
  "fd_num": 311,
  "fd_perc": 93.95770392749245,
  "fwhm_avg": 2.903927943217378,
  "fwhm_x": 2.8492128475513696,
  "fwhm_y": 3.319552855401015,
  "fwhm_z": 2.5430181266997485,
  "gcor": 0.87427,
  "gsr_x": -0.058711521327495575,
  "gsr_y": 0.1166357547044754,
  "provenance": {
    "md5sum": "58be4bf4e82887541ad7d35af7941a7c",
    "settings": {
      "fd_thres": 0.2,
      "testing": false
    },
    "software": "mriqc",
    "version": "23.1.0"
  },
  "size_t": 331,
  "size_x": 162,
  "size_y": 162,
  "size_z": 22,
  "snr": 3.121908018945615,
  "spacing_tr": 2.00600004196167,
  "spacing_x": 0.9259259104728699,
  "spacing_y": 0.9259259104728699,
  "spacing_z": 1.100000023841858,
  "summary_bg_k": 7.339497719891607,
  "summary_bg_mad": 27.887254894254646,
  "summary_bg_mean": 58.86471472380163,
  "summary_bg_median": 42.6495475769043,
  "summary_bg_n": 267943.0,
  "summary_bg_p05": 20.326284408569336,
  "summary_bg_p95": 145.879150390625,
  "summary_bg_stdv": 44.837445223996234,
  "summary_fg_k": 0.4738409913989501,
  "summary_fg_mad": 75.16926269384754,
  "summary_fg_mean": 277.75984605708896,
  "summary_fg_median": 263.4864196777344,
  "summary_fg_n": 309425.0,
  "summary_fg_p05": 160.10272216796875,
  "summary_fg_p95": 434.8882141113281,
  "summary_fg_stdv": 84.39902531098676,
  "tsnr": 4.427170155206113
}