{
  "aor": 8.075528700906343e-05,
  "aqi": 0.11544715709969788,
  "bids_meta": {
    "RepetitionTime": 2.006,
    "TaskName": "alpha-rem",
    "dataset": "ds002076",
    "modality": "bold",
    "run_id": 4,
    "subject_id": "01",
    "task_id": "layer"
  },
  "dummy_trs": 0,
  "dvars_nstd": 593.6889570759095,
  "dvars_std": 0.7822000836060607,
  "dvars_vstd": 0.7191920633636367,
  "efc": 0.726042714491353,
  "fber": 69.95026397705078,
  "fd_mean": 0.483118488088406,
  "fd_num": 330,
  "fd_perc": 99.69788519637463,
  "fwhm_avg": 2.8006145127554745,
  "fwhm_x": 2.987701249862644,
  "fwhm_y": 2.9935332499599765,
  "fwhm_z": 2.420609038443803,
  "gcor": 0.886153,
  "gsr_x": -0.08615470677614212,
  "gsr_y": 0.16711916029453278,
  "provenance": {
    "md5sum": "d757b152d0c5fd1ee6c148708eb62716",
    "settings": {
      "fd_thres": 0.2,
      "testing": false
    },
    "software": "mriqc",
    "version": "23.1.0"
  },
  "size_t": 331,
  "size_x": 162,
  "size_y": 162,
  "size_z": 22,
  "snr": 2.8490814989328745,
  "spacing_tr": 2.00600004196167,
  "spacing_x": 0.9259259104728699,
  "spacing_y": 0.9259259104728699,
  "spacing_z": 1.100000023841858,
  "summary_bg_k": 13.673543561135684,
  "summary_bg_mad": 18.05997315915733,
  "summary_bg_mean": 50.17236268776305,
  "summary_bg_median": 32.54380798339844,
  "summary_bg_n": 337298.0,
  "summary_bg_p05": 18.703927993774414,
  "summary_bg_p95": 129.927490234375,
  "summary_bg_stdv": 42.5466321593601,
  "summary_fg_k": 2.789119724717457,
  "summary_fg_mad": 69.92418633336592,
  "summary_fg_mean": 289.83309101605744,
  "summary_fg_median": 272.1842956542969,
  "summary_fg_n": 240070.0,
  "summary_fg_p05": 166.5498504638672,
  "summary_fg_p95": 475.0090637207031,
  "summary_fg_stdv": 95.5338514782321,
  "tsnr": 4.248076883377507
}