{
  "aor": 0.0011177437325905293,
  "aqi": 0.023258342061281335,
  "bids_meta": {
    "RepetitionTime": 1.0,
    "TaskName": "localizer",
    "acq_id": "sms3ip22mm1020GLM",
    "dataset": "ds002076",
    "modality": "bold",
    "subject_id": "08",
    "task_id": "localizer"
  },
  "dummy_trs": 1,
  "dvars_nstd": 41.912542471173175,
  "dvars_std": 1.0268569174860338,
  "dvars_vstd": 0.9450795807262564,
  "efc": 0.5965665796232054,
  "fber": 364.75048828125,
  "fd_mean": 0.1344736936978188,
  "fd_num": 31,
  "fd_perc": 8.635097493036211,
  "fwhm_avg": 2.3560906799364805,
  "fwhm_x": 2.1330227640148487,
  "fwhm_y": 2.5586392757945933,
  "fwhm_z": 2.37661,
  "gcor": 0.0158891,
  "gsr_x": -0.009630230255424976,
  "gsr_y": 0.11547891795635223,
  "provenance": {
    "md5sum": "1eff31248577650578282b67faae65c4",
    "settings": {
      "fd_thres": 0.2,
      "testing": false
    },
    "software": "mriqc",
    "version": "23.1.0"
  },
  "size_t": 359,
  "size_x": 98,
  "size_y": 98,
  "size_z": 57,
  "snr": 2.5814631639173173,
  "spacing_tr": 1.0,
  "spacing_x": 1.9897959232330322,
  "spacing_y": 1.9897959232330322,
  "spacing_z": 2.0,
  "summary_bg_k": 33.78985570504342,
  "summary_bg_mad": 29.395997659383223,
  "summary_bg_mean": 65.7874904288307,
  "summary_bg_median": 33.091922760009766,
  "summary_bg_n": 379830.0,
  "summary_bg_p05": 10.022283554077148,
  "summary_bg_p95": 216.37046813964844,
  "summary_bg_stdv": 90.94202889074056,
  "summary_fg_k": 2.519794861135667,
  "summary_fg_mad": 202.03864470216354,
  "summary_fg_mean": 660.7734324773085,
  "summary_fg_median": 632.004150390625,
  "summary_fg_n": 167598.0,
  "summary_fg_p05": 306.40667724609375,
  "summary_fg_p95": 1100.83837890625,
  "summary_fg_stdv": 244.82327454649908,
  "tsnr": 22.753389669698663
}