{
  "bids_meta": {
    "MagneticFieldStrength": 7,
    "Manufacturer": "Siemens",
    "dataset": "ds002076",
    "modality": "T1w",
    "subject_id": "05"
  },
  "cjv": 0.5048773029054949,
  "cnr": 2.26897598324076,
  "efc": 0.7848682361870243,
  "fber": NaN,
  "fwhm_avg": 4.364020517797563,
  "fwhm_x": 4.253947117166212,
  "fwhm_y": 4.839457225272608,
  "fwhm_z": 3.998657210953869,
  "icvs_csf": 0.32706988771549433,
  "icvs_gm": 0.3571229878785889,
  "icvs_wm": 0.3158071244059168,
  "inu_med": 0.8673607707023621,
  "inu_range": 0.04525990188121798,
  "provenance": {
    "md5sum": "c9f4de82c1749d22a770e14a5f999cd3",
    "settings": {
      "testing": false
    },
    "software": "mriqc",
    "version": "23.1.0",
    "warnings": {
      "large_rot_frame": true,
      "small_air_mask": false
    }
  },
  "qi_1": 0.0,
  "qi_2": 0.0,
  "rpve_csf": 5.899548782889371,
  "rpve_gm": 5.850108210069423,
  "rpve_wm": 5.914723547326815,
  "size_x": 224,
  "size_y": 320,
  "size_z": 320,
  "snr_csf": 0.0,
  "snr_gm": 1.8000117633055934,
  "snr_total": 2.741123197842907,
  "snr_wm": 6.423357830223128,
  "snrd_csf": -1.0,
  "snrd_gm": -1.0,
  "snrd_total": -1.0,
  "snrd_wm": -1.0,
  "spacing_x": 0.6999969482421875,
  "spacing_y": 0.699999988079071,
  "spacing_z": 0.699999988079071,
  "summary_bg_k": -3.0,
  "summary_bg_mad": 0.0,
  "summary_bg_mean": 0.0,
  "summary_bg_median": 0.0,
  "summary_bg_n": 8107594.0,
  "summary_bg_p05": 0.0,
  "summary_bg_p95": 0.0,
  "summary_bg_stdv": 0.0,
  "summary_csf_k": 7.082228087730387,
  "summary_csf_mad": 0.0,
  "summary_csf_mean": 33.94337848618587,
  "summary_csf_median": 0.0,
  "summary_csf_n": 1257858.4507844553,
  "summary_csf_p05": 0.0,
  "summary_csf_p95": 189.85234410502017,
  "summary_csf_stdv": 66.07463687374658,
  "summary_gm_k": -0.4572762536604942,
  "summary_gm_mad": 174.51771737222234,
  "summary_gm_mean": 389.23774181302997,
  "summary_gm_median": 377.41353563033044,
  "summary_gm_n": 1373437.8649471654,
  "summary_gm_p05": 0.0,
  "summary_gm_p95": 745.3295584302396,
  "summary_gm_stdv": 209.67273988244943,
  "summary_wm_k": -0.461804754724227,
  "summary_wm_mad": 120.66139301263617,
  "summary_wm_mean": 936.0075882642819,
  "summary_wm_median": 962.0686759706587,
  "summary_wm_n": 1214543.6653510113,
  "summary_wm_p05": 649.3165575899184,
  "summary_wm_p95": 1168.3899031486362,
  "summary_wm_stdv": 149.7765351607958,
  "tpm_overlap_csf": 0.11296129211148115,
  "tpm_overlap_gm": 0.4164179161460536,
  "tpm_overlap_wm": 0.4951818508611632,
  "wm2max": 0.7951863781299063
}