{
  "aor": 2.2900302114803624e-05,
  "aqi": 0.07259309184290029,
  "bids_meta": {
    "RepetitionTime": 2.006,
    "TaskName": "go-nogo",
    "dataset": "ds002076",
    "modality": "bold",
    "run_id": 6,
    "subject_id": "21",
    "task_id": "layer"
  },
  "dummy_trs": 0,
  "dvars_nstd": 583.7438813182421,
  "dvars_std": 0.7687557049999998,
  "dvars_vstd": 0.698573530030303,
  "efc": 0.796113786069954,
  "fber": 54.268882751464844,
  "fd_mean": 0.2066571468095618,
  "fd_num": 166,
  "fd_perc": 50.151057401812686,
  "fwhm_avg": 3.2395097871747627,
  "fwhm_x": 3.1300668522386266,
  "fwhm_y": 3.727371662207226,
  "fwhm_z": 2.8610908470784353,
  "gcor": 0.942831,
  "gsr_x": -0.08540786057710648,
  "gsr_y": 0.14249171316623688,
  "provenance": {
    "md5sum": "66cf2be584b044e5e4c476294efb7c8a",
    "settings": {
      "fd_thres": 0.2,
      "testing": false
    },
    "software": "mriqc",
    "version": "23.1.0"
  },
  "size_t": 331,
  "size_x": 162,
  "size_y": 162,
  "size_z": 22,
  "snr": 2.9235969201100196,
  "spacing_tr": 2.00600004196167,
  "spacing_x": 0.9259259104728699,
  "spacing_y": 0.9259259104728699,
  "spacing_z": 1.100000023841858,
  "summary_bg_k": 7.763441796043876,
  "summary_bg_mad": 22.91538457346205,
  "summary_bg_mean": 52.984654308881126,
  "summary_bg_median": 33.61027145385742,
  "summary_bg_n": 249102.0,
  "summary_bg_p05": 15.960724830627441,
  "summary_bg_p95": 159.06948852539062,
  "summary_bg_stdv": 50.71259952186022,
  "summary_fg_k": 1.1777420836922188,
  "summary_fg_mad": 76.04272570130148,
  "summary_fg_mean": 263.03266394403215,
  "summary_fg_median": 247.5981903076172,
  "summary_fg_n": 328266.0,
  "summary_fg_p05": 152.45921325683594,
  "summary_fg_p95": 420.7854919433594,
  "summary_fg_stdv": 84.6894493128657,
  "tsnr": 4.406775767827639
}