{
  "aor": 2.8338368580060423e-05,
  "aqi": 0.07197478731117825,
  "bids_meta": {
    "RepetitionTime": 2.006,
    "TaskName": "go-nogo",
    "dataset": "ds002076",
    "modality": "bold",
    "run_id": 2,
    "subject_id": "21",
    "task_id": "layer"
  },
  "dummy_trs": 0,
  "dvars_nstd": 568.7910859079086,
  "dvars_std": 0.7679442314848488,
  "dvars_vstd": 0.70016638430303,
  "efc": 0.7930998572649357,
  "fber": 58.826171875,
  "fd_mean": 0.18059345576015193,
  "fd_num": 115,
  "fd_perc": 34.74320241691843,
  "fwhm_avg": 3.1601218374081963,
  "fwhm_x": 3.1366008523476743,
  "fwhm_y": 3.7230192621345872,
  "fwhm_z": 2.620745397742328,
  "gcor": 0.941272,
  "gsr_x": -0.08693398535251617,
  "gsr_y": 0.14405709505081177,
  "provenance": {
    "md5sum": "e8f8fdeb82ef2957944d992e1c337bb3",
    "settings": {
      "fd_thres": 0.2,
      "testing": false
    },
    "software": "mriqc",
    "version": "23.1.0"
  },
  "size_t": 331,
  "size_x": 162,
  "size_y": 162,
  "size_z": 22,
  "snr": 2.9563839943316905,
  "spacing_tr": 2.00600004196167,
  "spacing_x": 0.9259259104728699,
  "spacing_y": 0.9259259104728699,
  "spacing_z": 1.100000023841858,
  "summary_bg_k": 8.042227029831817,
  "summary_bg_mad": 21.898615153068643,
  "summary_bg_mean": 50.46724268728531,
  "summary_bg_median": 32.23564910888672,
  "summary_bg_n": 250365.0,
  "summary_bg_p05": 15.407855033874512,
  "summary_bg_p95": 147.0604248046875,
  "summary_bg_stdv": 47.28325024762926,
  "summary_fg_k": 1.1504578952066762,
  "summary_fg_mad": 74.48397542573579,
  "summary_fg_mean": 261.3911616032597,
  "summary_fg_median": 247.24169921875,
  "summary_fg_n": 327003.0,
  "summary_fg_p05": 146.3927459716797,
  "summary_fg_p95": 416.2447204589844,
  "summary_fg_stdv": 83.62963730373195,
  "tsnr": 4.4470222967502195
}