{
  "aor": 0.0014842222222222223,
  "aqi": 0.008540504138888889,
  "bids_meta": {
    "RepetitionTime": 1.0,
    "TaskName": "localizer",
    "acq_id": "sms3ip22mm1020GLM",
    "dataset": "ds002076",
    "modality": "bold",
    "subject_id": "21",
    "task_id": "localizer"
  },
  "dummy_trs": 0,
  "dvars_nstd": 35.3535133241783,
  "dvars_std": 1.0886694619220052,
  "dvars_vstd": 0.9610286309749312,
  "efc": 0.5569844321319847,
  "fber": 1258.5584716796875,
  "fd_mean": 0.07732100700888915,
  "fd_num": 5,
  "fd_perc": 1.3888888888888888,
  "fwhm_avg": 2.5709401240305163,
  "fwhm_x": 2.384088712118861,
  "fwhm_y": 2.737466659972688,
  "fwhm_z": 2.591265,
  "gcor": 0.0447789,
  "gsr_x": -0.014088054187595844,
  "gsr_y": 0.09436262398958206,
  "provenance": {
    "md5sum": "43b854de933644e23449dbf10053650e",
    "settings": {
      "fd_thres": 0.2,
      "testing": false
    },
    "software": "mriqc",
    "version": "23.1.0"
  },
  "size_t": 360,
  "size_x": 98,
  "size_y": 98,
  "size_z": 57,
  "snr": 2.149462424095664,
  "spacing_tr": 1.0,
  "spacing_x": 1.9897959232330322,
  "spacing_y": 1.9897959232330322,
  "spacing_z": 2.0,
  "summary_bg_k": 15.2430225708775,
  "summary_bg_mad": 15.966803670746257,
  "summary_bg_mean": 56.44794915381811,
  "summary_bg_median": 19.17500114440918,
  "summary_bg_n": 382571.0,
  "summary_bg_p05": 7.836111068725586,
  "summary_bg_p95": 232.49166870117188,
  "summary_bg_stdv": 85.63508207985264,
  "summary_fg_k": 2.974380066532718,
  "summary_fg_mad": 271.2791952255773,
  "summary_fg_mean": 729.5082657143573,
  "summary_fg_median": 680.2555541992188,
  "summary_fg_n": 164857.0,
  "summary_fg_p05": 318.9694519042969,
  "summary_fg_p95": 1310.477783203125,
  "summary_fg_stdv": 316.4761027696235,
  "tsnr": 32.90437933173962
}