{
  "aor": 0.0005977932960893855,
  "aqi": 0.00956972846368715,
  "bids_meta": {
    "RepetitionTime": 1.0,
    "TaskName": "localizer",
    "acq_id": "sms3ip22mm1020GLM",
    "dataset": "ds002076",
    "modality": "bold",
    "subject_id": "07",
    "task_id": "localizer"
  },
  "dummy_trs": 2,
  "dvars_nstd": 35.001232895210094,
  "dvars_std": 1.0347903875070026,
  "dvars_vstd": 0.9888339348459384,
  "efc": 0.5354375370978958,
  "fber": 1061.847900390625,
  "fd_mean": 0.12562614041281683,
  "fd_num": 9,
  "fd_perc": 2.5139664804469275,
  "fwhm_avg": 2.315789244107631,
  "fwhm_x": 2.149366148590268,
  "fwhm_y": 2.4581515837326253,
  "fwhm_z": 2.33985,
  "gcor": 0.00906624,
  "gsr_x": -0.003295568050816655,
  "gsr_y": 0.11540088057518005,
  "provenance": {
    "md5sum": "fe4f034bbb447261cd7766099a154d7f",
    "settings": {
      "fd_thres": 0.2,
      "testing": false
    },
    "software": "mriqc",
    "version": "23.1.0"
  },
  "size_t": 358,
  "size_x": 98,
  "size_y": 98,
  "size_z": 57,
  "snr": 2.589187861681187,
  "spacing_tr": 1.0,
  "spacing_x": 1.9897959232330322,
  "spacing_y": 1.9897959232330322,
  "spacing_z": 2.0,
  "summary_bg_k": 22.78409730090266,
  "summary_bg_mad": 14.805315331675802,
  "summary_bg_mean": 51.44277633961401,
  "summary_bg_median": 19.32402229309082,
  "summary_bg_n": 411809.0,
  "summary_bg_p05": 8.405027389526367,
  "summary_bg_p95": 200.19273376464844,
  "summary_bg_stdv": 82.60924949926797,
  "summary_fg_k": 1.8296089745210846,
  "summary_fg_mad": 214.85724031466256,
  "summary_fg_mean": 653.4784331236312,
  "summary_fg_median": 629.6927490234375,
  "summary_fg_n": 135619.0,
  "summary_fg_p05": 305.2318420410156,
  "summary_fg_p95": 1086.5921630859375,
  "summary_fg_stdv": 243.1999766365605,
  "tsnr": 33.06241350714117
}