{
  "aor": 6.184290030211481e-05,
  "aqi": 0.11909551057401813,
  "bids_meta": {
    "RepetitionTime": 2.006,
    "TaskName": "go-nogo",
    "dataset": "ds002076",
    "modality": "bold",
    "run_id": 4,
    "subject_id": "07",
    "task_id": "layer"
  },
  "dummy_trs": 0,
  "dvars_nstd": 483.42276380127305,
  "dvars_std": 0.7582620850606058,
  "dvars_vstd": 0.7227774353030304,
  "efc": 0.7106651915912083,
  "fber": 80.26685333251953,
  "fd_mean": 0.27049292534950137,
  "fd_num": 210,
  "fd_perc": 63.4441087613293,
  "fwhm_avg": 2.285449467316339,
  "fwhm_x": 2.2596192377114646,
  "fwhm_y": 2.6126928436040164,
  "fwhm_z": 1.9840363206335347,
  "gcor": 0.884314,
  "gsr_x": -0.03565998002886772,
  "gsr_y": 0.10004013776779175,
  "provenance": {
    "md5sum": "6dcd859820473541065641d199d327b3",
    "settings": {
      "fd_thres": 0.2,
      "testing": false
    },
    "software": "mriqc",
    "version": "23.1.0"
  },
  "size_t": 331,
  "size_x": 162,
  "size_y": 162,
  "size_z": 22,
  "snr": 4.2111485857296085,
  "spacing_tr": 2.00600004196167,
  "spacing_x": 0.9259259104728699,
  "spacing_y": 0.9259259104728699,
  "spacing_z": 1.100000023841858,
  "summary_bg_k": 13.323662576785843,
  "summary_bg_mad": 13.213525995479486,
  "summary_bg_mean": 41.79987119622581,
  "summary_bg_median": 28.196374893188477,
  "summary_bg_n": 375115.0,
  "summary_bg_p05": 17.737159729003906,
  "summary_bg_p95": 108.58308410644531,
  "summary_bg_stdv": 33.48638496097515,
  "summary_fg_k": 0.9872073497482421,
  "summary_fg_mad": 52.997441501089874,
  "summary_fg_mean": 256.0671333921765,
  "summary_fg_median": 252.61631774902344,
  "summary_fg_n": 202253.0,
  "summary_fg_p05": 160.2296142578125,
  "summary_fg_p95": 357.0,
  "summary_fg_stdv": 59.98736166625833,
  "tsnr": 4.698816385818645
}