{
  "bids_meta": {
    "MagneticFieldStrength": 7,
    "Manufacturer": "Siemens",
    "dataset": "ds002076",
    "modality": "T1w",
    "subject_id": "20"
  },
  "cjv": 0.5599548567760194,
  "cnr": 1.8580544527969207,
  "efc": 0.8002920128296511,
  "fber": NaN,
  "fwhm_avg": 4.339457093758007,
  "fwhm_x": 4.333542561943697,
  "fwhm_y": 4.632957221755934,
  "fwhm_z": 4.051871497574389,
  "icvs_csf": 0.29289958766702273,
  "icvs_gm": 0.36936819620413813,
  "icvs_wm": 0.33773221612883914,
  "inu_med": 0.8582920432090759,
  "inu_range": 0.04320449531078341,
  "provenance": {
    "md5sum": "1896028658134513b2a3edb7b1488d86",
    "settings": {
      "testing": false
    },
    "software": "mriqc",
    "version": "23.1.0",
    "warnings": {
      "large_rot_frame": true,
      "small_air_mask": false
    }
  },
  "qi_1": 0.0,
  "qi_2": 0.0,
  "rpve_csf": 5.773900586231226,
  "rpve_gm": 5.696184826553459,
  "rpve_wm": 5.7778036403944,
  "size_x": 224,
  "size_y": 320,
  "size_z": 320,
  "snr_csf": 0.0,
  "snr_gm": 1.797874916059102,
  "snr_total": 2.37703747191236,
  "snr_wm": 5.3332374996779786,
  "snrd_csf": -1.0,
  "snrd_gm": -1.0,
  "snrd_total": -1.0,
  "snrd_wm": -1.0,
  "spacing_x": 0.7000000476837158,
  "spacing_y": 0.699999988079071,
  "spacing_z": 0.699999988079071,
  "summary_bg_k": -3.0,
  "summary_bg_mad": 0.0,
  "summary_bg_mean": 0.0,
  "summary_bg_median": 0.0,
  "summary_bg_n": 8198152.0,
  "summary_bg_p05": 0.0,
  "summary_bg_p95": 0.0,
  "summary_bg_stdv": 0.0,
  "summary_csf_k": 2.367034456391604,
  "summary_csf_mad": 0.0,
  "summary_csf_mean": 57.959606116030535,
  "summary_csf_median": 0.0,
  "summary_csf_n": 1147251.9521246352,
  "summary_csf_p05": 0.0,
  "summary_csf_p95": 265.90422661975026,
  "summary_csf_stdv": 94.7391632244922,
  "summary_gm_k": -0.03665746836562045,
  "summary_gm_mad": 163.15982303379784,
  "summary_gm_mean": 419.59559258630424,
  "summary_gm_median": 410.85194557905197,
  "summary_gm_n": 1446770.1628508072,
  "summary_gm_p05": 0.0,
  "summary_gm_p95": 832.5715371593833,
  "summary_gm_stdv": 228.5207941441456,
  "summary_wm_k": -0.5151630053791671,
  "summary_wm_mad": 138.17688399885446,
  "summary_wm_mean": 919.5887753079454,
  "summary_wm_median": 948.99658953771,
  "summary_wm_n": 1322855.8883792998,
  "summary_wm_p05": 578.3588575012982,
  "summary_wm_p95": 1190.693821273744,
  "summary_wm_stdv": 177.93999065344215,
  "tpm_overlap_csf": 0.14987035636666723,
  "tpm_overlap_gm": 0.4518411629820731,
  "tpm_overlap_wm": 0.4894742253376067,
  "wm2max": 0.7655194240050637
}