{
  "aor": 7.305135951661632e-05,
  "aqi": 0.07529037945619335,
  "bids_meta": {
    "RepetitionTime": 2.006,
    "TaskName": "alpha-rem",
    "dataset": "ds002076",
    "modality": "bold",
    "run_id": 4,
    "subject_id": "22",
    "task_id": "layer"
  },
  "dummy_trs": 0,
  "dvars_nstd": 587.2431468616669,
  "dvars_std": 0.7589177072727266,
  "dvars_vstd": 0.7052917294242426,
  "efc": 0.8101849550712135,
  "fber": 36.5610466003418,
  "fd_mean": 0.30769506172530026,
  "fd_num": 303,
  "fd_perc": 91.54078549848943,
  "fwhm_avg": 2.741062590640619,
  "fwhm_x": 2.800980046746398,
  "fwhm_y": 3.0702350488803667,
  "fwhm_z": 2.3519726762950923,
  "gcor": 0.928584,
  "gsr_x": -0.015575039200484753,
  "gsr_y": 0.06348367780447006,
  "provenance": {
    "md5sum": "1571ae644184da647c174e37032b37f1",
    "settings": {
      "fd_thres": 0.2,
      "testing": false
    },
    "software": "mriqc",
    "version": "23.1.0"
  },
  "size_t": 331,
  "size_x": 162,
  "size_y": 162,
  "size_z": 22,
  "snr": 3.064630078756991,
  "spacing_tr": 2.00600004196167,
  "spacing_x": 0.9259259104728699,
  "spacing_y": 0.9259258508682251,
  "spacing_z": 1.100000023841858,
  "summary_bg_k": 14.235842684646862,
  "summary_bg_mad": 32.22756406607113,
  "summary_bg_mean": 67.72078457429747,
  "summary_bg_median": 45.66767501831055,
  "summary_bg_n": 247301.0,
  "summary_bg_p05": 18.063444137573242,
  "summary_bg_p95": 193.26283264160156,
  "summary_bg_stdv": 66.16392378120382,
  "summary_fg_k": 1.0158455193202487,
  "summary_fg_mad": 82.62261008635717,
  "summary_fg_mean": 287.1631672264679,
  "summary_fg_median": 276.1329345703125,
  "summary_fg_n": 330067.0,
  "summary_fg_p05": 156.72206115722656,
  "summary_fg_p95": 446.9909362792969,
  "summary_fg_stdv": 90.10304969129834,
  "tsnr": 4.126006444916129
}