{
  "aor": 7.302114803625378e-05,
  "aqi": 0.12256788217522659,
  "bids_meta": {
    "RepetitionTime": 2.006,
    "TaskName": "go-nogo",
    "dataset": "ds002076",
    "modality": "bold",
    "run_id": 6,
    "subject_id": "07",
    "task_id": "layer"
  },
  "dummy_trs": 0,
  "dvars_nstd": 480.0923793907266,
  "dvars_std": 0.762175668939394,
  "dvars_vstd": 0.7268847860606059,
  "efc": 0.7117223263566528,
  "fber": 77.54462432861328,
  "fd_mean": 0.24169903950451074,
  "fd_num": 190,
  "fd_perc": 57.40181268882175,
  "fwhm_avg": 2.3082382322830557,
  "fwhm_x": 2.320174838722095,
  "fwhm_y": 2.6947944449742343,
  "fwhm_z": 1.9097454131528373,
  "gcor": 0.875694,
  "gsr_x": -0.03716178610920906,
  "gsr_y": 0.09953735768795013,
  "provenance": {
    "md5sum": "9b115a4ec01af54a82fed473b0aacd49",
    "settings": {
      "fd_thres": 0.2,
      "testing": false
    },
    "software": "mriqc",
    "version": "23.1.0"
  },
  "size_t": 331,
  "size_x": 162,
  "size_y": 162,
  "size_z": 22,
  "snr": 4.062676284979786,
  "spacing_tr": 2.00600004196167,
  "spacing_x": 0.9259259104728699,
  "spacing_y": 0.9259259104728699,
  "spacing_z": 1.100000023841858,
  "summary_bg_k": 12.415428207118113,
  "summary_bg_mad": 13.271754034803768,
  "summary_bg_mean": 41.81126860096414,
  "summary_bg_median": 28.419939041137695,
  "summary_bg_n": 374104.0,
  "summary_bg_p05": 17.815710067749023,
  "summary_bg_p95": 108.85498809814453,
  "summary_bg_stdv": 33.189134910903306,
  "summary_fg_k": 0.8293887341433757,
  "summary_fg_mad": 53.19229094121421,
  "summary_fg_mean": 253.26801559759272,
  "summary_fg_median": 250.26434326171875,
  "summary_fg_n": 203264.0,
  "summary_fg_p05": 148.10272216796875,
  "summary_fg_p95": 355.9848937988281,
  "summary_fg_stdv": 61.60070605974202,
  "tsnr": 4.729283368214965
}