{
  "aor": 5.589123867069487e-05,
  "aqi": 0.12624481359516618,
  "bids_meta": {
    "RepetitionTime": 2.006,
    "TaskName": "alpha-rem",
    "dataset": "ds002076",
    "modality": "bold",
    "run_id": 3,
    "subject_id": "07",
    "task_id": "layer"
  },
  "dummy_trs": 0,
  "dvars_nstd": 479.5986817332123,
  "dvars_std": 0.7551958457575758,
  "dvars_vstd": 0.7193362823333331,
  "efc": 0.709218509639927,
  "fber": 80.63681030273438,
  "fd_mean": 0.27204433275428547,
  "fd_num": 223,
  "fd_perc": 67.37160120845921,
  "fwhm_avg": 2.226470496377898,
  "fwhm_x": 2.1591144360341095,
  "fwhm_y": 2.5161516419928107,
  "fwhm_z": 2.0041454111067725,
  "gcor": 0.88924,
  "gsr_x": -0.03616601228713989,
  "gsr_y": 0.10110706835985184,
  "provenance": {
    "md5sum": "605fddedee1c5316f36e291e25fed0fc",
    "settings": {
      "fd_thres": 0.2,
      "testing": false
    },
    "software": "mriqc",
    "version": "23.1.0"
  },
  "size_t": 331,
  "size_x": 162,
  "size_y": 162,
  "size_z": 22,
  "snr": 4.347279178062937,
  "spacing_tr": 2.00600004196167,
  "spacing_x": 0.9259259104728699,
  "spacing_y": 0.9259259104728699,
  "spacing_z": 1.100000023841858,
  "summary_bg_k": 13.252370111133864,
  "summary_bg_mad": 13.110502153574663,
  "summary_bg_mean": 41.616962330557904,
  "summary_bg_median": 28.11782455444336,
  "summary_bg_n": 377864.0,
  "summary_bg_p05": 17.80060386657715,
  "summary_bg_p95": 108.28096771240234,
  "summary_bg_stdv": 33.301627572436836,
  "summary_fg_k": 1.2548259842356062,
  "summary_fg_mad": 50.17555196053608,
  "summary_fg_mean": 256.2756091594906,
  "summary_fg_median": 252.49244689941406,
  "summary_fg_n": 199504.0,
  "summary_fg_p05": 166.51963806152344,
  "summary_fg_p95": 354.0634460449219,
  "summary_fg_stdv": 58.08042312356487,
  "tsnr": 4.70645546875312
}