{
  "bids_meta": {
    "MagneticFieldStrength": 7,
    "Manufacturer": "Siemens",
    "dataset": "ds002076",
    "modality": "T1w",
    "subject_id": "18"
  },
  "cjv": 0.602437914607671,
  "cnr": 1.724269318660903,
  "efc": 0.7998095163408021,
  "fber": -1.0,
  "fwhm_avg": 4.209066622336956,
  "fwhm_x": 4.087271150148177,
  "fwhm_y": 4.556100077589922,
  "fwhm_z": 3.9838286392727684,
  "icvs_csf": 0.29530976724347885,
  "icvs_gm": 0.3630691088625109,
  "icvs_wm": 0.3416211238940102,
  "inu_med": 0.8771607875823975,
  "inu_range": 0.04111889600753782,
  "provenance": {
    "md5sum": "112ad12306b3f4fa5e617bf30b72cc83",
    "settings": {
      "testing": false
    },
    "software": "mriqc",
    "version": "23.1.0",
    "warnings": {
      "large_rot_frame": true,
      "small_air_mask": false
    }
  },
  "qi_1": 0.0,
  "qi_2": 0.0,
  "rpve_csf": 4.646623666197186,
  "rpve_gm": 4.565897572855132,
  "rpve_wm": 4.6597481539045695,
  "size_x": 224,
  "size_y": 320,
  "size_z": 320,
  "snr_csf": 0.0,
  "snr_gm": 1.8935681304338583,
  "snr_total": 2.4939435027814194,
  "snr_wm": 5.5882623779104,
  "snrd_csf": 0.0,
  "snrd_gm": 1148.7685744170744,
  "snrd_total": 1195.274759846692,
  "snrd_wm": 2437.055705123001,
  "spacing_x": 0.7000000476837158,
  "spacing_y": 0.699999988079071,
  "spacing_z": 0.699999988079071,
  "summary_bg_k": 691587.2279562505,
  "summary_bg_mad": 0.0,
  "summary_bg_mean": 0.00035627086406774856,
  "summary_bg_median": 0.0,
  "summary_bg_n": 7396073.0,
  "summary_bg_p05": 0.0,
  "summary_bg_p95": 0.0,
  "summary_bg_stdv": 0.24896140198030575,
  "summary_csf_k": 0.8843810344268164,
  "summary_csf_mad": 0.0,
  "summary_csf_mean": 86.92572646386219,
  "summary_csf_median": 0.0,
  "summary_csf_n": 1428704.2237862793,
  "summary_csf_p05": 0.0,
  "summary_csf_p95": 319.35809671506286,
  "summary_csf_stdv": 114.93960250385969,
  "summary_gm_k": 0.004016047492843011,
  "summary_gm_mad": 161.10470547589904,
  "summary_gm_mean": 441.84522542851823,
  "summary_gm_median": 436.54883904755116,
  "summary_gm_n": 1756522.9020363342,
  "summary_gm_p05": 0.0,
  "summary_gm_p95": 852.5493266098201,
  "summary_gm_stdv": 230.54291407114724,
  "summary_wm_k": -0.37136201658802825,
  "summary_wm_mad": 133.82957641076953,
  "summary_wm_mean": 909.8067019990663,
  "summary_wm_median": 926.1167675182223,
  "summary_wm_n": 1652757.8725141748,
  "summary_wm_p05": 606.3244116939604,
  "summary_wm_p95": 1179.46747963503,
  "summary_wm_stdv": 165.72530506187985,
  "tpm_overlap_csf": 0.15859425569891697,
  "tpm_overlap_gm": 0.46792038793506946,
  "tpm_overlap_wm": 0.5121482428238694,
  "wm2max": 0.7420681365261127
}