{
  "aor": 0.00013828828828828826,
  "aqi": 0.10540103363363365,
  "bids_meta": {
    "RepetitionTime": 2.006,
    "TaskName": "go-nogo",
    "dataset": "ds002076",
    "modality": "bold",
    "run_id": 4,
    "subject_id": "05",
    "task_id": "layer"
  },
  "dummy_trs": 0,
  "dvars_nstd": 523.6238692871385,
  "dvars_std": 0.7641181024096393,
  "dvars_vstd": 0.7178952294277112,
  "efc": 0.7720431413461066,
  "fber": 50.26069259643555,
  "fd_mean": 0.35413550451040066,
  "fd_num": 322,
  "fd_perc": 96.69669669669669,
  "fwhm_avg": 2.524915260647092,
  "fwhm_x": 2.417634040348621,
  "fwhm_y": 2.8129572469462887,
  "fwhm_z": 2.3441544946463653,
  "gcor": 0.891517,
  "gsr_x": -0.034950241446495056,
  "gsr_y": 0.08513063192367554,
  "provenance": {
    "md5sum": "e854353dba81550c573d6cd1b6cb48e8",
    "settings": {
      "fd_thres": 0.2,
      "testing": false
    },
    "software": "mriqc",
    "version": "23.1.0"
  },
  "size_t": 333,
  "size_x": 162,
  "size_y": 162,
  "size_z": 22,
  "snr": 3.4462373995004083,
  "spacing_tr": 2.00600004196167,
  "spacing_x": 0.9259259104728699,
  "spacing_y": 0.9259259104728699,
  "spacing_z": 1.100000023841858,
  "summary_bg_k": 11.146658120353814,
  "summary_bg_mad": 23.783969558098526,
  "summary_bg_mean": 53.689450237962824,
  "summary_bg_median": 38.729732513427734,
  "summary_bg_n": 297473.0,
  "summary_bg_p05": 19.105106353759766,
  "summary_bg_p95": 133.6516571044922,
  "summary_bg_stdv": 42.77554941889466,
  "summary_fg_k": 1.134105992106151,
  "summary_fg_mad": 72.38037969377227,
  "summary_fg_mean": 284.74868369149755,
  "summary_fg_median": 274.5735778808594,
  "summary_fg_n": 279895.0,
  "summary_fg_p05": 168.1681671142578,
  "summary_fg_p95": 424.009033203125,
  "summary_fg_stdv": 79.67329454039634,
  "tsnr": 4.492180899018422
}