{
  "aor": 9.174174174174173e-05,
  "aqi": 0.11018554204204202,
  "bids_meta": {
    "RepetitionTime": 2.006,
    "TaskName": "go-nogo",
    "dataset": "ds002076",
    "modality": "bold",
    "run_id": 6,
    "subject_id": "05",
    "task_id": "layer"
  },
  "dummy_trs": 0,
  "dvars_nstd": 526.3637306490355,
  "dvars_std": 0.76647429439759,
  "dvars_vstd": 0.7192561888554209,
  "efc": 0.7735463032798159,
  "fber": 47.920005798339844,
  "fd_mean": 0.2914342582286049,
  "fd_num": 300,
  "fd_perc": 90.09009009009009,
  "fwhm_avg": 2.5611734908454014,
  "fwhm_x": 2.434406440628541,
  "fwhm_y": 2.849450447555335,
  "fwhm_z": 2.3996635843523286,
  "gcor": 0.87879,
  "gsr_x": -0.03279311582446098,
  "gsr_y": 0.08291641622781754,
  "provenance": {
    "md5sum": "c054fee71bfb5443ae45741a2f393ecb",
    "settings": {
      "fd_thres": 0.2,
      "testing": false
    },
    "software": "mriqc",
    "version": "23.1.0"
  },
  "size_t": 333,
  "size_x": 162,
  "size_y": 162,
  "size_z": 22,
  "snr": 3.4371376463674843,
  "spacing_tr": 2.00600004196167,
  "spacing_x": 0.9259259104728699,
  "spacing_y": 0.9259259104728699,
  "spacing_z": 1.100000023841858,
  "summary_bg_k": 11.173092368024712,
  "summary_bg_mad": 24.741204477404366,
  "summary_bg_mean": 53.856417776766605,
  "summary_bg_median": 39.52552795410156,
  "summary_bg_n": 296186.0,
  "summary_bg_p05": 18.96696662902832,
  "summary_bg_p95": 133.5915985107422,
  "summary_bg_stdv": 42.597354781324015,
  "summary_fg_k": 1.1552921999139674,
  "summary_fg_mad": 71.99751287330734,
  "summary_fg_mean": 283.5068846677708,
  "summary_fg_median": 273.61260986328125,
  "summary_fg_n": 281182.0,
  "summary_fg_p05": 168.5345458984375,
  "summary_fg_p95": 423.62164306640625,
  "summary_fg_stdv": 79.6046453396947,
  "tsnr": 4.440332902086084
}