{
  "aor": 0.00016129129129129128,
  "aqi": 0.11372140930930931,
  "bids_meta": {
    "RepetitionTime": 2.006,
    "TaskName": "go-nogo",
    "dataset": "ds002076",
    "modality": "bold",
    "run_id": 2,
    "subject_id": "05",
    "task_id": "layer"
  },
  "dummy_trs": 0,
  "dvars_nstd": 518.8580008817773,
  "dvars_std": 0.7699242014156626,
  "dvars_vstd": 0.7217746064759041,
  "efc": 0.7718070007677735,
  "fber": 49.18388366699219,
  "fd_mean": 0.3173703969258246,
  "fd_num": 328,
  "fd_perc": 98.49849849849849,
  "fwhm_avg": 2.5322467030162876,
  "fwhm_x": 2.413875640285896,
  "fwhm_y": 2.8248372471445578,
  "fwhm_z": 2.3580272216184093,
  "gcor": 0.869127,
  "gsr_x": -0.03678411245346069,
  "gsr_y": 0.09154404699802399,
  "provenance": {
    "md5sum": "9fc95cf9ca3442747dc0ffcb12df5d0d",
    "settings": {
      "fd_thres": 0.2,
      "testing": false
    },
    "software": "mriqc",
    "version": "23.1.0"
  },
  "size_t": 333,
  "size_x": 162,
  "size_y": 162,
  "size_z": 22,
  "snr": 3.4706726009656186,
  "spacing_tr": 2.00600004196167,
  "spacing_x": 0.9259259104728699,
  "spacing_y": 0.9259259104728699,
  "spacing_z": 1.100000023841858,
  "summary_bg_k": 9.935706231720097,
  "summary_bg_mad": 24.901486409748607,
  "summary_bg_mean": 53.80513677878876,
  "summary_bg_median": 39.3603630065918,
  "summary_bg_n": 298442.0,
  "summary_bg_p05": 19.246246337890625,
  "summary_bg_p95": 131.38137817382812,
  "summary_bg_stdv": 42.244134698157694,
  "summary_fg_k": 1.2153852134700314,
  "summary_fg_mad": 71.4899496504315,
  "summary_fg_mean": 285.2561915244681,
  "summary_fg_median": 276.0390319824219,
  "summary_fg_n": 278926.0,
  "summary_fg_p05": 166.78378295898438,
  "summary_fg_p95": 424.11712646484375,
  "summary_fg_stdv": 79.53459426865233,
  "tsnr": 4.481425138772465
}